   0.00000,  30.00000,  30.00000,  30.00000,  30.00000,  30.00000
   0.10000,  30.00537,  30.03375,  30.00530,  30.00008,  29.99986
   0.20000,  30.01666,  30.05576,  30.01625,  30.00052,  29.99973
   0.30000,  30.03019,  30.07331,  30.02913,  30.00146,  29.99960
   0.40000,  30.04454,  30.08911,  30.04260,  30.00291,  29.99947
   0.50000,  30.05918,  30.10420,  30.05620,  30.00487,  29.99936
   0.60000,  30.07389,  30.11895,  30.06976,  30.00731,  29.99926
   0.70000,  30.08858,  30.13351,  30.08325,  30.01021,  29.99919
   0.80000,  30.10322,  30.14796,  30.09667,  30.01355,  29.99912
   0.90000,  30.11778,  30.16230,  30.11001,  30.01730,  29.99909
   1.00000,  30.13228,  30.17656,  30.12330,  30.02145,  29.99907
   1.10000,  30.14669,  30.19074,  30.13654,  30.02596,  29.99909
   1.20000,  30.16104,  30.20486,  30.14974,  30.03083,  29.99913
   1.30000,  30.17531,  30.21891,  30.16291,  30.03603,  29.99920
   1.40000,  30.18951,  30.23291,  30.17604,  30.04155,  29.99931
   1.50000,  30.20364,  30.24685,  30.18915,  30.04737,  29.99945
   1.60000,  30.21771,  30.26074,  30.20224,  30.05347,  29.99962
   1.70000,  30.23173,  30.27458,  30.21530,  30.05985,  29.99984
   1.80000,  30.24569,  30.28838,  30.22836,  30.06649,  30.00009
   1.90000,  30.25960,  30.30214,  30.24139,  30.07338,  30.00038
   2.00000,  30.27346,  30.31587,  30.25442,  30.08050,  30.00071
   2.10000,  30.28728,  30.32956,  30.26744,  30.08785,  30.00109
   2.20000,  30.30106,  30.34322,  30.28044,  30.09541,  30.00151
   2.30000,  30.31480,  30.35685,  30.29344,  30.10318,  30.00198
   2.40000,  30.32851,  30.37045,  30.30644,  30.11114,  30.00248
   2.50000,  30.34218,  30.38403,  30.31943,  30.11928,  30.00304
   2.60000,  30.35583,  30.39758,  30.33241,  30.12761,  30.00365
   2.70000,  30.36944,  30.41111,  30.34540,  30.13610,  30.00430
   2.80000,  30.38303,  30.42462,  30.35838,  30.14475,  30.00500
   2.90000,  30.39660,  30.43812,  30.37136,  30.15356,  30.00575
   3.00000,  30.41014,  30.45159,  30.38434,  30.16251,  30.00655
   3.10000,  30.42366,  30.46505,  30.39731,  30.17160,  30.00740
   3.20000,  30.43716,  30.47850,  30.41029,  30.18083,  30.00830
   3.30000,  30.45064,  30.49192,  30.42327,  30.19018,  30.00925
   3.40000,  30.46411,  30.50534,  30.43625,  30.19966,  30.01026
   3.50000,  30.47756,  30.51874,  30.44923,  30.20925,  30.01132
   3.60000,  30.49099,  30.53213,  30.46221,  30.21896,  30.01243
   3.70000,  30.50441,  30.54550,  30.47519,  30.22877,  30.01359
   3.80000,  30.51782,  30.55886,  30.48817,  30.23869,  30.01481
   3.90000,  30.53121,  30.57221,  30.50115,  30.24870,  30.01608
   4.00000,  30.54458,  30.58555,  30.51413,  30.25880,  30.01741
   4.10000,  30.55795,  30.59888,  30.52711,  30.26900,  30.01879
   4.20000,  30.57130,  30.61219,  30.54009,  30.27927,  30.02023
   4.30000,  30.58464,  30.62550,  30.55307,  30.28964,  30.02172
   4.40000,  30.59797,  30.63879,  30.56605,  30.30007,  30.02326
   4.50000,  30.61129,  30.65206,  30.57903,  30.31059,  30.02486
   4.60000,  30.62459,  30.66533,  30.59201,  30.32117,  30.02652
   4.70000,  30.63788,  30.67858,  30.60498,  30.33182,  30.02823
   4.80000,  30.65116,  30.69183,  30.61795,  30.34254,  30.02999
   4.90000,  30.66443,  30.70505,  30.63092,  30.35332,  30.03181
   5.00000,  30.67768,  30.71827,  30.64388,  30.36416,  30.03369
   5.10000,  30.69092,  30.73146,  30.65684,  30.37505,  30.03562
   5.20000,  30.70415,  30.74465,  30.66980,  30.38600,  30.03761
   5.30000,  30.71736,  30.75782,  30.68274,  30.39700,  30.03965
   5.40000,  30.73056,  30.77097,  30.69568,  30.40805,  30.04175
   5.50000,  30.74374,  30.78411,  30.70862,  30.41915,  30.04390
   5.60000,  30.75691,  30.79723,  30.72154,  30.43029,  30.04611
   5.70000,  30.77006,  30.81033,  30.73446,  30.44147,  30.04837
   5.80000,  30.78320,  30.82341,  30.74736,  30.45269,  30.05069
   5.90000,  30.79631,  30.83647,  30.76026,  30.46395,  30.05306
   6.00000,  30.80941,  30.84952,  30.77314,  30.47525,  30.05549
   6.10000,  30.82249,  30.86254,  30.78601,  30.48658,  30.05797
   6.20000,  30.83556,  30.87554,  30.79887,  30.49794,  30.06051
   6.30000,  30.84860,  30.88852,  30.81171,  30.50933,  30.06310
   6.40000,  30.86162,  30.90148,  30.82454,  30.52075,  30.06575
   6.50000,  30.87462,  30.91441,  30.83736,  30.53220,  30.06845
   6.60000,  30.88760,  30.92732,  30.85015,  30.54367,  30.07120
   6.70000,  30.90055,  30.94020,  30.86293,  30.55517,  30.07401
   6.80000,  30.91348,  30.95306,  30.87569,  30.56669,  30.07687
   6.90000,  30.92639,  30.96589,  30.88843,  30.57822,  30.07978
   7.00000,  30.93927,  30.97869,  30.90115,  30.58978,  30.08275
   7.10000,  30.95212,  30.99146,  30.91385,  30.60135,  30.08577
   7.20000,  30.96495,  31.00421,  30.92653,  30.61294,  30.08885
   7.30000,  30.97775,  31.01692,  30.93918,  30.62454,  30.09197
   7.40000,  30.99052,  31.02960,  30.95182,  30.63615,  30.09515
   7.50000,  31.00326,  31.04225,  30.96442,  30.64778,  30.09838
   7.60000,  31.01597,  31.05487,  30.97700,  30.65941,  30.10166
   7.70000,  31.02865,  31.06745,  30.98955,  30.67106,  30.10499
   7.80000,  31.04130,  31.08000,  31.00208,  30.68271,  30.10838
   7.90000,  31.05391,  31.09251,  31.01458,  30.69436,  30.11181
   8.00000,  31.06649,  31.10499,  31.02704,  30.70602,  30.11530
   8.10000,  31.07904,  31.11743,  31.03948,  30.71769,  30.11884
   8.20000,  31.09155,  31.12983,  31.05189,  30.72935,  30.12242
   8.30000,  31.10403,  31.14220,  31.06426,  30.74102,  30.12606
   8.40000,  31.11647,  31.15452,  31.07661,  30.75268,  30.12974
   8.50000,  31.12887,  31.16681,  31.08892,  30.76435,  30.13348
   8.60000,  31.14123,  31.17905,  31.10119,  30.77601,  30.13726
   8.70000,  31.15356,  31.19126,  31.11343,  30.78767,  30.14109
   8.80000,  31.16584,  31.20342,  31.12563,  30.79932,  30.14497
   8.90000,  31.17808,  31.21554,  31.13780,  30.81096,  30.14890
   9.00000,  31.19029,  31.22761,  31.14993,  30.82260,  30.15288
   9.10000,  31.20245,  31.23964,  31.16202,  30.83423,  30.15690
   9.20000,  31.21456,  31.25163,  31.17407,  30.84585,  30.16097
   9.30000,  31.22664,  31.26357,  31.18609,  30.85746,  30.16508
   9.40000,  31.23867,  31.27546,  31.19806,  30.86905,  30.16924
   9.50000,  31.25066,  31.28731,  31.20999,  30.88064,  30.17345
   9.60000,  31.26260,  31.29912,  31.22188,  30.89221,  30.17770
   9.70000,  31.27449,  31.31087,  31.23373,  30.90377,  30.18200
   9.80000,  31.28634,  31.32258,  31.24554,  30.91531,  30.18634
   9.90000,  31.29814,  31.33423,  31.25730,  30.92683,  30.19073
  10.00000,  31.30990,  31.34584,  31.26902,  30.93834,  30.19516
  10.10000,  31.32161,  31.35740,  31.28069,  30.94983,  30.19963
  10.20000,  31.33326,  31.36891,  31.29232,  30.96130,  30.20415
  10.30000,  31.34487,  31.38037,  31.30390,  30.97274,  30.20871
  10.40000,  31.35644,  31.39178,  31.31544,  30.98417,  30.21331
  10.50000,  31.36795,  31.40314,  31.32693,  30.99558,  30.21795
  10.60000,  31.37941,  31.41445,  31.33838,  31.00696,  30.22264
  10.70000,  31.39082,  31.42571,  31.34977,  31.01832,  30.22737
  10.80000,  31.40218,  31.43691,  31.36112,  31.02966,  30.23213
  10.90000,  31.41349,  31.44806,  31.37242,  31.04097,  30.23694
  11.00000,  31.42475,  31.45916,  31.38368,  31.05226,  30.24179
  11.10000,  31.43595,  31.47021,  31.39488,  31.06351,  30.24668
  11.20000,  31.44711,  31.48121,  31.40604,  31.07475,  30.25160
  11.30000,  31.45821,  31.49215,  31.41714,  31.08595,  30.25657
  11.40000,  31.46926,  31.50304,  31.42820,  31.09713,  30.26157
  11.50000,  31.48026,  31.51388,  31.43921,  31.10827,  30.26661
  11.60000,  31.49121,  31.52467,  31.45017,  31.11939,  30.27169
  11.70000,  31.50210,  31.53540,  31.46108,  31.13048,  30.27680
  11.80000,  31.51294,  31.54608,  31.47193,  31.14153,  30.28195
  11.90000,  31.52373,  31.55671,  31.48274,  31.15256,  30.28714
  12.00000,  31.53447,  31.56728,  31.49350,  31.16355,  30.29237
  12.10000,  31.54515,  31.57781,  31.50421,  31.17451,  30.29763
  12.20000,  31.55578,  31.58828,  31.51486,  31.18544,  30.30292
  12.30000,  31.56636,  31.59870,  31.52547,  31.19633,  30.30825
  12.40000,  31.57689,  31.60906,  31.53603,  31.20719,  30.31361
  12.50000,  31.58736,  31.61938,  31.54654,  31.21801,  30.31901
  12.60000,  31.59778,  31.62964,  31.55699,  31.22880,  30.32444
  12.70000,  31.60815,  31.63985,  31.56740,  31.23956,  30.32990
  12.80000,  31.61847,  31.65001,  31.57776,  31.25028,  30.33539
  12.90000,  31.62874,  31.66012,  31.58807,  31.26096,  30.34092
  13.00000,  31.63895,  31.67018,  31.59832,  31.27161,  30.34648
  13.10000,  31.64912,  31.68019,  31.60853,  31.28222,  30.35207
  13.20000,  31.65923,  31.69015,  31.61870,  31.29279,  30.35769
  13.30000,  31.66930,  31.70007,  31.62881,  31.30333,  30.36334
  13.40000,  31.67931,  31.70993,  31.63887,  31.31383,  30.36902
  13.50000,  31.68928,  31.71974,  31.64889,  31.32429,  30.37473
  13.60000,  31.69920,  31.72951,  31.65886,  31.33472,  30.38047
  13.70000,  31.70906,  31.73923,  31.66878,  31.34511,  30.38623
  13.80000,  31.71888,  31.74891,  31.67865,  31.35546,  30.39203
  13.90000,  31.72866,  31.75853,  31.68848,  31.36577,  30.39785
  14.00000,  31.73838,  31.76812,  31.69827,  31.37604,  30.40371
  14.10000,  31.74806,  31.77766,  31.70800,  31.38628,  30.40958
  14.20000,  31.75770,  31.78715,  31.71770,  31.39647,  30.41549
  14.30000,  31.76729,  31.79660,  31.72735,  31.40663,  30.42142
  14.40000,  31.77683,  31.80601,  31.73695,  31.41675,  30.42738
  14.50000,  31.78633,  31.81538,  31.74652,  31.42683,  30.43336
  14.60000,  31.79579,  31.82471,  31.75604,  31.43688,  30.43937
  14.70000,  31.80520,  31.83399,  31.76551,  31.44688,  30.44540
  14.80000,  31.81458,  31.84324,  31.77495,  31.45685,  30.45145
  14.90000,  31.82391,  31.85245,  31.78435,  31.46678,  30.45753
  15.00000,  31.83320,  31.86162,  31.79371,  31.47667,  30.46364
  15.10000,  31.84245,  31.87075,  31.80302,  31.48653,  30.46976
  15.20000,  31.85167,  31.87985,  31.81230,  31.49634,  30.47591
  15.30000,  31.86084,  31.88891,  31.82155,  31.50612,  30.48208
  15.40000,  31.86998,  31.89794,  31.83075,  31.51586,  30.48828
  15.50000,  31.87909,  31.90694,  31.83992,  31.52557,  30.49449
  15.60000,  31.88816,  31.91590,  31.84906,  31.53524,  30.50073
  15.70000,  31.89719,  31.92483,  31.85816,  31.54487,  30.50699
  15.80000,  31.90619,  31.93373,  31.86723,  31.55447,  30.51327
  15.90000,  31.91516,  31.94260,  31.87626,  31.56403,  30.51956
  16.00000,  31.92410,  31.95145,  31.88527,  31.57356,  30.52588
  16.10000,  31.93301,  31.96027,  31.89424,  31.58305,  30.53222
  16.20000,  31.94189,  31.96906,  31.90318,  31.59251,  30.53858
  16.30000,  31.95074,  31.97782,  31.91210,  31.60193,  30.54495
  16.40000,  31.95956,  31.98657,  31.92099,  31.61132,  30.55135
  16.50000,  31.96836,  31.99528,  31.92985,  31.62068,  30.55776
  16.60000,  31.97713,  32.00398,  31.93868,  31.63001,  30.56419
  16.70000,  31.98588,  32.01266,  31.94749,  31.63930,  30.57064
  16.80000,  31.99461,  32.02132,  31.95628,  31.64856,  30.57710
  16.90000,  32.00331,  32.02995,  31.96504,  31.65779,  30.58359
  17.00000,  32.01199,  32.03858,  31.97379,  31.66699,  30.59009
  17.10000,  32.02066,  32.04718,  31.98251,  31.67616,  30.59660
  17.20000,  32.02930,  32.05577,  31.99121,  31.68530,  30.60313
  17.30000,  32.03793,  32.06435,  31.99990,  31.69441,  30.60968
  17.40000,  32.04654,  32.07291,  32.00856,  31.70350,  30.61624
  17.50000,  32.05514,  32.08147,  32.01721,  31.71255,  30.62282
  17.60000,  32.06372,  32.09001,  32.02585,  31.72158,  30.62942
  17.70000,  32.07229,  32.09854,  32.03447,  31.73059,  30.63603
  17.80000,  32.08085,  32.10707,  32.04308,  31.73956,  30.64265
  17.90000,  32.08940,  32.11559,  32.05168,  31.74852,  30.64929
  18.00000,  32.09794,  32.12410,  32.06027,  31.75745,  30.65594
  18.10000,  32.10647,  32.13261,  32.06884,  31.76635,  30.66260
  18.20000,  32.11500,  32.14112,  32.07741,  31.77524,  30.66928
  18.30000,  32.12352,  32.14962,  32.08597,  31.78410,  30.67597
  18.40000,  32.13203,  32.15813,  32.09453,  31.79294,  30.68268
  18.50000,  32.14055,  32.16663,  32.10308,  31.80176,  30.68940
  18.60000,  32.14906,  32.17514,  32.11163,  31.81056,  30.69613
  18.70000,  32.15757,  32.18365,  32.12017,  31.81935,  30.70287
  18.80000,  32.16608,  32.19216,  32.12872,  31.82811,  30.70963
  18.90000,  32.17459,  32.20068,  32.13726,  31.83686,  30.71640
  19.00000,  32.18310,  32.20921,  32.14580,  31.84559,  30.72318
  19.10000,  32.19162,  32.21774,  32.15435,  31.85431,  30.72997
  19.20000,  32.20014,  32.22628,  32.16290,  31.86301,  30.73677
  19.30000,  32.20867,  32.23483,  32.17145,  31.87170,  30.74359
  19.40000,  32.21721,  32.24339,  32.18001,  31.88038,  30.75041
  19.50000,  32.22576,  32.25197,  32.18858,  31.88905,  30.75725
  19.60000,  32.23431,  32.26055,  32.19715,  31.89770,  30.76410
  19.70000,  32.24288,  32.26915,  32.20573,  31.90634,  30.77096
  19.80000,  32.25146,  32.27777,  32.21432,  31.91498,  30.77783
  19.90000,  32.26005,  32.28641,  32.22292,  31.92361,  30.78471
  20.00000,  32.26866,  32.29506,  32.23154,  31.93223,  30.79161
  20.10000,  32.27728,  32.30373,  32.24016,  31.94084,  30.79851
  20.20000,  32.28592,  32.31242,  32.24880,  31.94945,  30.80542
  20.30000,  32.29457,  32.32113,  32.25746,  31.95805,  30.81235
  20.40000,  32.30324,  32.32986,  32.26613,  31.96665,  30.81928
  20.50000,  32.31194,  32.33862,  32.27482,  31.97524,  30.82622
  20.60000,  32.32065,  32.34739,  32.28353,  31.98384,  30.83318
  20.70000,  32.32939,  32.35620,  32.29226,  31.99243,  30.84014
  20.80000,  32.33815,  32.36503,  32.30100,  32.00103,  30.84711
  20.90000,  32.34693,  32.37388,  32.30977,  32.00962,  30.85410
  21.00000,  32.35574,  32.38277,  32.31856,  32.01822,  30.86109
  21.10000,  32.36457,  32.39168,  32.32738,  32.02682,  30.86809
  21.20000,  32.37343,  32.40062,  32.33621,  32.03542,  30.87511
  21.30000,  32.38231,  32.40959,  32.34508,  32.04403,  30.88213
  21.40000,  32.39123,  32.41859,  32.35396,  32.05264,  30.88916
  21.50000,  32.40017,  32.42763,  32.36288,  32.06126,  30.89620
  21.60000,  32.40914,  32.43670,  32.37182,  32.06989,  30.90325
  21.70000,  32.41815,  32.44580,  32.38079,  32.07852,  30.91031
  21.80000,  32.42718,  32.45493,  32.38979,  32.08716,  30.91738
  21.90000,  32.43625,  32.46410,  32.39882,  32.09582,  30.92446
  22.00000,  32.44536,  32.47330,  32.40788,  32.10448,  30.93155
  22.10000,  32.45449,  32.48255,  32.41697,  32.11316,  30.93865
  22.20000,  32.46366,  32.49182,  32.42610,  32.12185,  30.94576
  22.30000,  32.47287,  32.50114,  32.43525,  32.13055,  30.95288
  22.40000,  32.48211,  32.51049,  32.44444,  32.13926,  30.96001
  22.50000,  32.49139,  32.51988,  32.45367,  32.14799,  30.96715
  22.60000,  32.50070,  32.52931,  32.46293,  32.15674,  30.97429
  22.70000,  32.51006,  32.53879,  32.47222,  32.16550,  30.98145
  22.80000,  32.51945,  32.54830,  32.48155,  32.17428,  30.98862
  22.90000,  32.52888,  32.55785,  32.49092,  32.18308,  30.99579
  23.00000,  32.53835,  32.56744,  32.50033,  32.19190,  31.00298
  23.10000,  32.54786,  32.57707,  32.50977,  32.20073,  31.01018
  23.20000,  32.55741,  32.58675,  32.51925,  32.20959,  31.01738
  23.30000,  32.56701,  32.59647,  32.52877,  32.21847,  31.02460
  23.40000,  32.57664,  32.60623,  32.53833,  32.22737,  31.03183
  23.50000,  32.58632,  32.61603,  32.54793,  32.23629,  31.03906
  23.60000,  32.59603,  32.62588,  32.55757,  32.24524,  31.04631
  23.70000,  32.60579,  32.63577,  32.56725,  32.25421,  31.05357
  23.80000,  32.61560,  32.64571,  32.57697,  32.26320,  31.06084
  23.90000,  32.62544,  32.65568,  32.58673,  32.27222,  31.06812
  24.00000,  32.63533,  32.66571,  32.59653,  32.28127,  31.07541
  24.10000,  32.64526,  32.67577,  32.60637,  32.29034,  31.08271
  24.20000,  32.65524,  32.68588,  32.61625,  32.29944,  31.09002
  24.30000,  32.66526,  32.69604,  32.62618,  32.30856,  31.09734
  24.40000,  32.67532,  32.70624,  32.63615,  32.31772,  31.10467
  24.50000,  32.68543,  32.71648,  32.64616,  32.32690,  31.11202
  24.60000,  32.69558,  32.72677,  32.65621,  32.33611,  31.11937
  24.70000,  32.70578,  32.73710,  32.66631,  32.34535,  31.12674
  24.80000,  32.71602,  32.74747,  32.67645,  32.35462,  31.13412
  24.90000,  32.72631,  32.75789,  32.68663,  32.36393,  31.14151
  25.00000,  32.73663,  32.76836,  32.69685,  32.37326,  31.14891
  25.10000,  32.74701,  32.77886,  32.70712,  32.38262,  31.15632
  25.20000,  32.75742,  32.78942,  32.71743,  32.39202,  31.16375
  25.30000,  32.76788,  32.80001,  32.72778,  32.40145,  31.17119
  25.40000,  32.77839,  32.81065,  32.73817,  32.41091,  31.17864
  25.50000,  32.78894,  32.82133,  32.74860,  32.42040,  31.18610
  25.60000,  32.79953,  32.83205,  32.75908,  32.42993,  31.19358
  25.70000,  32.81016,  32.84281,  32.76960,  32.43949,  31.20106
  25.80000,  32.82084,  32.85362,  32.78016,  32.44909,  31.20856
  25.90000,  32.83156,  32.86447,  32.79076,  32.45871,  31.21608
  26.00000,  32.84232,  32.87536,  32.80140,  32.46838,  31.22360
  26.10000,  32.85312,  32.88629,  32.81209,  32.47807,  31.23114
  26.20000,  32.86396,  32.89726,  32.82281,  32.48781,  31.23869
  26.30000,  32.87485,  32.90827,  32.83357,  32.49757,  31.24626
  26.40000,  32.88577,  32.91931,  32.84438,  32.50737,  31.25384
  26.50000,  32.89674,  32.93040,  32.85522,  32.51721,  31.26143
  26.60000,  32.90774,  32.94153,  32.86610,  32.52708,  31.26904
  26.70000,  32.91878,  32.95269,  32.87702,  32.53699,  31.27666
  26.80000,  32.92987,  32.96389,  32.88798,  32.54693,  31.28429
  26.90000,  32.94099,  32.97512,  32.89897,  32.55691,  31.29194
  27.00000,  32.95214,  32.98639,  32.91000,  32.56692,  31.29960
  27.10000,  32.96334,  32.99769,  32.92107,  32.57697,  31.30728
  27.20000,  32.97457,  33.00903,  32.93217,  32.58705,  31.31497
  27.30000,  32.98583,  33.02040,  32.94331,  32.59717,  31.32268
  27.40000,  32.99713,  33.03181,  32.95448,  32.60732,  31.33040
  27.50000,  33.00846,  33.04324,  32.96569,  32.61751,  31.33814
  27.60000,  33.01983,  33.05471,  32.97693,  32.62773,  31.34589
  27.70000,  33.03123,  33.06621,  32.98820,  32.63798,  31.35366
  27.80000,  33.04266,  33.07773,  32.99951,  32.64828,  31.36144
  27.90000,  33.05412,  33.08929,  33.01084,  32.65860,  31.36924
  28.00000,  33.06561,  33.10087,  33.02221,  32.66896,  31.37705
  28.10000,  33.07713,  33.11247,  33.03360,  32.67935,  31.38488
  28.20000,  33.08868,  33.12411,  33.04503,  32.68978,  31.39272
  28.30000,  33.10025,  33.13577,  33.05648,  32.70024,  31.40058
  28.40000,  33.11185,  33.14745,  33.06795,  32.71073,  31.40846
  28.50000,  33.12348,  33.15915,  33.07946,  32.72126,  31.41635
  28.60000,  33.13513,  33.17088,  33.09099,  32.73182,  31.42426
  28.70000,  33.14681,  33.18262,  33.10254,  32.74241,  31.43218
  28.80000,  33.15851,  33.19439,  33.11412,  32.75303,  31.44012
  28.90000,  33.17022,  33.20617,  33.12572,  32.76368,  31.44808
  29.00000,  33.18197,  33.21797,  33.13734,  32.77436,  31.45605
  29.10000,  33.19373,  33.22979,  33.14898,  32.78507,  31.46404
  29.20000,  33.20550,  33.24163,  33.16064,  32.79582,  31.47205
  29.30000,  33.21730,  33.25348,  33.17232,  32.80659,  31.48008
  29.40000,  33.22911,  33.26534,  33.18402,  32.81739,  31.48812
  29.50000,  33.24094,  33.27721,  33.19573,  32.82821,  31.49617
  29.60000,  33.25278,  33.28910,  33.20746,  32.83907,  31.50425
  29.70000,  33.26464,  33.30099,  33.21921,  32.84995,  31.51234
  29.80000,  33.27651,  33.31290,  33.23097,  32.86086,  31.52045
  29.90000,  33.28839,  33.32481,  33.24274,  32.87180,  31.52858
  30.00000,  33.30028,  33.33672,  33.25452,  32.88276,  31.53672
  30.10000,  33.31217,  33.34865,  33.26631,  32.89374,  31.54488
  30.20000,  33.32408,  33.36058,  33.27812,  32.90475,  31.55306
  30.30000,  33.33599,  33.37251,  33.28993,  32.91578,  31.56125
  30.40000,  33.34791,  33.38444,  33.30174,  32.92684,  31.56946
  30.50000,  33.35983,  33.39637,  33.31357,  32.93791,  31.57769
  30.60000,  33.37176,  33.40831,  33.32540,  32.94901,  31.58594
  30.70000,  33.38368,  33.42024,  33.33723,  32.96013,  31.59421
  30.80000,  33.39561,  33.43217,  33.34906,  32.97126,  31.60249
  30.90000,  33.40754,  33.44409,  33.36090,  32.98242,  31.61079
  31.00000,  33.41947,  33.45601,  33.37274,  32.99360,  31.61911
  31.10000,  33.43139,  33.46793,  33.38458,  33.00479,  31.62744
  31.20000,  33.44331,  33.47983,  33.39641,  33.01600,  31.63579
  31.30000,  33.45522,  33.49173,  33.40824,  33.02722,  31.64416
  31.40000,  33.46713,  33.50362,  33.42007,  33.03846,  31.65255
  31.50000,  33.47903,  33.51550,  33.43190,  33.04971,  31.66095
  31.60000,  33.49093,  33.52736,  33.44372,  33.06098,  31.66938
  31.70000,  33.50281,  33.53922,  33.45553,  33.07226,  31.67782
  31.80000,  33.51469,  33.55106,  33.46733,  33.08355,  31.68627
  31.90000,  33.52655,  33.56288,  33.47912,  33.09486,  31.69475
  32.00000,  33.53840,  33.57469,  33.49091,  33.10617,  31.70324
  32.10000,  33.55023,  33.58648,  33.50268,  33.11749,  31.71175
  32.20000,  33.56205,  33.59825,  33.51444,  33.12882,  31.72027
  32.30000,  33.57385,  33.61000,  33.52618,  33.14016,  31.72882
  32.40000,  33.58564,  33.62173,  33.53791,  33.15150,  31.73738
  32.50000,  33.59741,  33.63344,  33.54963,  33.16285,  31.74595
  32.60000,  33.60916,  33.64513,  33.56132,  33.17421,  31.75455
  32.70000,  33.62088,  33.65679,  33.57300,  33.18556,  31.76316
  32.80000,  33.63259,  33.66843,  33.58466,  33.19693,  31.77178
  32.90000,  33.64427,  33.68004,  33.59630,  33.20829,  31.78043
  33.00000,  33.65593,  33.69163,  33.60792,  33.21965,  31.78909
  33.10000,  33.66757,  33.70319,  33.61952,  33.23102,  31.79777
  33.20000,  33.67918,  33.71472,  33.63110,  33.24238,  31.80646
  33.30000,  33.69076,  33.72622,  33.64265,  33.25375,  31.81517
  33.40000,  33.70232,  33.73769,  33.65418,  33.26511,  31.82389
  33.50000,  33.71384,  33.74913,  33.66568,  33.27646,  31.83264
  33.60000,  33.72534,  33.76053,  33.67715,  33.28782,  31.84139
  33.70000,  33.73681,  33.77190,  33.68860,  33.29916,  31.85017
  33.80000,  33.74824,  33.78324,  33.70002,  33.31050,  31.85896
  33.90000,  33.75965,  33.79455,  33.71140,  33.32184,  31.86776
  34.00000,  33.77102,  33.80582,  33.72276,  33.33317,  31.87658
  34.10000,  33.78236,  33.81705,  33.73409,  33.34448,  31.88542
  34.20000,  33.79366,  33.82824,  33.74539,  33.35579,  31.89427
  34.30000,  33.80492,  33.83940,  33.75665,  33.36709,  31.90313
  34.40000,  33.81616,  33.85052,  33.76788,  33.37838,  31.91201
  34.50000,  33.82735,  33.86160,  33.77907,  33.38965,  31.92091
  34.60000,  33.83850,  33.87264,  33.79023,  33.40091,  31.92982
  34.70000,  33.84962,  33.88364,  33.80136,  33.41216,  31.93874
  34.80000,  33.86070,  33.89460,  33.81245,  33.42340,  31.94768
  34.90000,  33.87174,  33.90551,  33.82350,  33.43461,  31.95663
  35.00000,  33.88274,  33.91639,  33.83451,  33.44582,  31.96560
  35.10000,  33.89370,  33.92722,  33.84549,  33.45700,  31.97457
  35.20000,  33.90461,  33.93800,  33.85642,  33.46817,  31.98357
  35.30000,  33.91549,  33.94875,  33.86732,  33.47931,  31.99257
  35.40000,  33.92632,  33.95945,  33.87817,  33.49044,  32.00159
  35.50000,  33.93710,  33.97010,  33.88899,  33.50155,  32.01062
  35.60000,  33.94785,  33.98071,  33.89977,  33.51264,  32.01966
  35.70000,  33.95855,  33.99128,  33.91050,  33.52370,  32.02872
  35.80000,  33.96920,  34.00179,  33.92119,  33.53475,  32.03779
  35.90000,  33.97981,  34.01227,  33.93184,  33.54577,  32.04687
  36.00000,  33.99038,  34.02269,  33.94245,  33.55676,  32.05596
  36.10000,  34.00090,  34.03307,  33.95301,  33.56773,  32.06506
  36.20000,  34.01137,  34.04340,  33.96353,  33.57868,  32.07418
  36.30000,  34.02180,  34.05369,  33.97400,  33.58960,  32.08330
  36.40000,  34.03218,  34.06392,  33.98443,  33.60049,  32.09244
  36.50000,  34.04251,  34.07411,  33.99482,  33.61136,  32.10158
  36.60000,  34.05280,  34.08426,  34.00516,  33.62220,  32.11074
  36.70000,  34.06304,  34.09435,  34.01546,  33.63301,  32.11991
  36.80000,  34.07323,  34.10440,  34.02571,  33.64379,  32.12908
  36.90000,  34.08337,  34.11440,  34.03591,  33.65454,  32.13827
  37.00000,  34.09347,  34.12435,  34.04607,  33.66527,  32.14747
  37.10000,  34.10352,  34.13425,  34.05619,  33.67596,  32.15667
  37.20000,  34.11352,  34.14411,  34.06626,  33.68662,  32.16588
  37.30000,  34.12347,  34.15391,  34.07628,  33.69725,  32.17511
  37.40000,  34.13338,  34.16367,  34.08626,  33.70785,  32.18434
  37.50000,  34.14324,  34.17339,  34.09619,  33.71841,  32.19358
  37.60000,  34.15305,  34.18305,  34.10607,  33.72894,  32.20282
  37.70000,  34.16281,  34.19267,  34.11591,  33.73944,  32.21208
  37.80000,  34.17253,  34.20224,  34.12571,  33.74991,  32.22134
  37.90000,  34.18220,  34.21177,  34.13546,  33.76034,  32.23061
  38.00000,  34.19182,  34.22125,  34.14516,  33.77074,  32.23988
  38.10000,  34.20140,  34.23068,  34.15482,  33.78110,  32.24916
  38.20000,  34.21093,  34.24007,  34.16443,  33.79143,  32.25845
  38.30000,  34.22041,  34.24941,  34.17400,  33.80172,  32.26775
  38.40000,  34.22984,  34.25870,  34.18352,  33.81198,  32.27705
  38.50000,  34.23924,  34.26796,  34.19300,  33.82220,  32.28635
  38.60000,  34.24858,  34.27716,  34.20244,  33.83239,  32.29566
  38.70000,  34.25788,  34.28633,  34.21183,  33.84254,  32.30498
  38.80000,  34.26714,  34.29545,  34.22118,  33.85265,  32.31430
  38.90000,  34.27635,  34.30453,  34.23049,  33.86273,  32.32363
  39.00000,  34.28552,  34.31357,  34.23975,  33.87277,  32.33296
  39.10000,  34.29465,  34.32256,  34.24897,  33.88278,  32.34229
  39.20000,  34.30373,  34.33152,  34.25815,  33.89274,  32.35163
  39.30000,  34.31278,  34.34043,  34.26729,  33.90268,  32.36097
  39.40000,  34.32178,  34.34931,  34.27639,  33.91257,  32.37031
  39.50000,  34.33074,  34.35815,  34.28544,  33.92243,  32.37966
  39.60000,  34.33966,  34.36695,  34.29446,  33.93225,  32.38901
  39.70000,  34.34854,  34.37571,  34.30344,  33.94204,  32.39837
  39.80000,  34.35738,  34.38443,  34.31238,  33.95178,  32.40772
  39.90000,  34.36619,  34.39312,  34.32129,  33.96150,  32.41708
  40.00000,  34.37495,  34.40177,  34.33015,  33.97117,  32.42644
  40.10000,  34.38368,  34.41039,  34.33898,  33.98081,  32.43580
  40.20000,  34.39238,  34.41898,  34.34778,  33.99041,  32.44516
  40.30000,  34.40104,  34.42753,  34.35654,  33.99998,  32.45453
  40.40000,  34.40966,  34.43606,  34.36526,  34.00951,  32.46389
  40.50000,  34.41825,  34.44455,  34.37395,  34.01901,  32.47325
  40.60000,  34.42681,  34.45301,  34.38261,  34.02847,  32.48262
  40.70000,  34.43534,  34.46144,  34.39124,  34.03790,  32.49199
  40.80000,  34.44384,  34.46984,  34.39984,  34.04729,  32.50135
  40.90000,  34.45231,  34.47822,  34.40840,  34.05664,  32.51072
  41.00000,  34.46074,  34.48657,  34.41694,  34.06597,  32.52008
  41.10000,  34.46915,  34.49490,  34.42545,  34.07526,  32.52945
  41.20000,  34.47754,  34.50320,  34.43393,  34.08451,  32.53881
  41.30000,  34.48590,  34.51148,  34.44239,  34.09373,  32.54818
  41.40000,  34.49423,  34.51974,  34.45081,  34.10292,  32.55754
  41.50000,  34.50254,  34.52798,  34.45922,  34.11208,  32.56690
  41.60000,  34.51082,  34.53619,  34.46760,  34.12121,  32.57626
  41.70000,  34.51909,  34.54439,  34.47596,  34.13030,  32.58561
  41.80000,  34.52733,  34.55257,  34.48429,  34.13937,  32.59497
  41.90000,  34.53555,  34.56073,  34.49261,  34.14840,  32.60432
  42.00000,  34.54375,  34.56888,  34.50090,  34.15741,  32.61367
  42.10000,  34.55194,  34.57702,  34.50918,  34.16638,  32.62302
  42.20000,  34.56011,  34.58514,  34.51744,  34.17533,  32.63237
  42.30000,  34.56826,  34.59324,  34.52568,  34.18425,  32.64171
  42.40000,  34.57640,  34.60134,  34.53391,  34.19314,  32.65105
  42.50000,  34.58453,  34.60943,  34.54212,  34.20200,  32.66039
  42.60000,  34.59265,  34.61751,  34.55031,  34.21084,  32.66972
  42.70000,  34.60075,  34.62558,  34.55850,  34.21965,  32.67905
  42.80000,  34.60884,  34.63365,  34.56668,  34.22844,  32.68838
  42.90000,  34.61693,  34.64171,  34.57484,  34.23720,  32.69770
  43.00000,  34.62501,  34.64976,  34.58299,  34.24594,  32.70702
  43.10000,  34.63308,  34.65782,  34.59114,  34.25466,  32.71634
  43.20000,  34.64114,  34.66587,  34.59928,  34.26336,  32.72565
  43.30000,  34.64920,  34.67392,  34.60742,  34.27203,  32.73496
  43.40000,  34.65726,  34.68197,  34.61555,  34.28068,  32.74426
  43.50000,  34.66532,  34.69003,  34.62367,  34.28932,  32.75356
  43.60000,  34.67338,  34.69808,  34.63180,  34.29793,  32.76285
  43.70000,  34.68143,  34.70614,  34.63992,  34.30653,  32.77214
  43.80000,  34.68949,  34.71421,  34.64804,  34.31511,  32.78143
  43.90000,  34.69756,  34.72228,  34.65616,  34.32367,  32.79071
  44.00000,  34.70562,  34.73037,  34.66429,  34.33221,  32.79999
  44.10000,  34.71369,  34.73845,  34.67242,  34.34074,  32.80926
  44.20000,  34.72177,  34.74655,  34.68055,  34.34926,  32.81853
  44.30000,  34.72986,  34.75467,  34.68869,  34.35776,  32.82779
  44.40000,  34.73795,  34.76279,  34.69683,  34.36626,  32.83705
  44.50000,  34.74606,  34.77093,  34.70498,  34.37473,  32.84630
  44.60000,  34.75417,  34.77908,  34.71314,  34.38320,  32.85554
  44.70000,  34.76230,  34.78724,  34.72131,  34.39166,  32.86479
  44.80000,  34.77044,  34.79543,  34.72950,  34.40011,  32.87402
  44.90000,  34.77860,  34.80363,  34.73769,  34.40855,  32.88325
  45.00000,  34.78677,  34.81185,  34.74590,  34.41699,  32.89248
  45.10000,  34.79496,  34.82009,  34.75412,  34.42541,  32.90170
  45.20000,  34.80316,  34.82835,  34.76235,  34.43384,  32.91092
  45.30000,  34.81139,  34.83663,  34.77061,  34.44225,  32.92013
  45.40000,  34.81963,  34.84494,  34.77888,  34.45067,  32.92934
  45.50000,  34.82789,  34.85327,  34.78716,  34.45908,  32.93854
  45.60000,  34.83618,  34.86163,  34.79547,  34.46749,  32.94773
  45.70000,  34.84449,  34.87001,  34.80380,  34.47590,  32.95692
  45.80000,  34.85282,  34.87841,  34.81215,  34.48430,  32.96611
  45.90000,  34.86118,  34.88685,  34.82052,  34.49271,  32.97529
  46.00000,  34.86957,  34.89532,  34.82891,  34.50112,  32.98447
  46.10000,  34.87798,  34.90381,  34.83733,  34.50954,  32.99364
  46.20000,  34.88642,  34.91234,  34.84577,  34.51795,  33.00280
  46.30000,  34.89488,  34.92089,  34.85424,  34.52638,  33.01196
  46.40000,  34.90338,  34.92948,  34.86274,  34.53480,  33.02112
  46.50000,  34.91191,  34.93810,  34.87127,  34.54324,  33.03027
  46.60000,  34.92047,  34.94676,  34.87982,  34.55168,  33.03942
  46.70000,  34.92906,  34.95545,  34.88840,  34.56012,  33.04856
  46.80000,  34.93768,  34.96418,  34.89701,  34.56858,  33.05770
  46.90000,  34.94634,  34.97294,  34.90566,  34.57705,  33.06683
  47.00000,  34.95503,  34.98174,  34.91433,  34.58553,  33.07596
  47.10000,  34.96376,  34.99058,  34.92304,  34.59402,  33.08509
  47.20000,  34.97252,  34.99945,  34.93178,  34.60252,  33.09421
  47.30000,  34.98132,  35.00837,  34.94056,  34.61103,  33.10333
  47.40000,  34.99016,  35.01732,  34.94937,  34.61956,  33.11244
  47.50000,  34.99904,  35.02631,  34.95822,  34.62811,  33.12155
  47.60000,  35.00795,  35.03535,  34.96710,  34.63666,  33.13065
  47.70000,  35.01691,  35.04442,  34.97602,  34.64524,  33.13976
  47.80000,  35.02590,  35.05354,  34.98498,  34.65383,  33.14886
  47.90000,  35.03494,  35.06270,  34.99397,  34.66245,  33.15795
  48.00000,  35.04401,  35.07190,  35.00301,  34.67108,  33.16704
  48.10000,  35.05313,  35.08115,  35.01208,  34.67973,  33.17613
  48.20000,  35.06229,  35.09044,  35.02119,  34.68840,  33.18522
  48.30000,  35.07149,  35.09977,  35.03034,  34.69709,  33.19430
  48.40000,  35.08074,  35.10915,  35.03954,  34.70580,  33.20338
  48.50000,  35.09003,  35.11857,  35.04877,  34.71454,  33.21246
  48.60000,  35.09936,  35.12804,  35.05805,  34.72330,  33.22154
  48.70000,  35.10874,  35.13755,  35.06736,  34.73208,  33.23061
  48.80000,  35.11816,  35.14711,  35.07672,  34.74089,  33.23969
  48.90000,  35.12762,  35.15671,  35.08612,  34.74972,  33.24876
  49.00000,  35.13713,  35.16636,  35.09557,  34.75858,  33.25782
  49.10000,  35.14669,  35.17606,  35.10506,  34.76746,  33.26689
  49.20000,  35.15629,  35.18580,  35.11459,  34.77638,  33.27596
  49.30000,  35.16594,  35.19558,  35.12416,  34.78532,  33.28502
  49.40000,  35.17563,  35.20542,  35.13378,  34.79428,  33.29409
  49.50000,  35.18537,  35.21530,  35.14344,  34.80328,  33.30315
  49.60000,  35.19515,  35.22522,  35.15315,  34.81231,  33.31221
  49.70000,  35.20498,  35.23519,  35.16290,  34.82137,  33.32128
  49.80000,  35.21486,  35.24521,  35.17270,  34.83045,  33.33034
  49.90000,  35.22478,  35.25528,  35.18254,  34.83957,  33.33940
  50.00000,  35.23475,  35.26539,  35.19242,  34.84872,  33.34846
  50.10000,  35.24477,  35.27554,  35.20235,  34.85790,  33.35753
  50.20000,  35.25483,  35.28575,  35.21232,  34.86711,  33.36659
  50.30000,  35.26494,  35.29599,  35.22234,  34.87636,  33.37566
  50.40000,  35.27509,  35.30629,  35.23240,  34.88564,  33.38472
  50.50000,  35.28529,  35.31662,  35.24250,  34.89495,  33.39379
  50.60000,  35.29553,  35.32701,  35.25265,  34.90429,  33.40286
  50.70000,  35.30582,  35.33743,  35.26284,  34.91367,  33.41193
  50.80000,  35.31615,  35.34790,  35.27308,  34.92309,  33.42100
  50.90000,  35.32653,  35.35842,  35.28336,  34.93253,  33.43007
  51.00000,  35.33696,  35.36897,  35.29368,  34.94202,  33.43915
  51.10000,  35.34742,  35.37958,  35.30404,  34.95154,  33.44822
  51.20000,  35.35793,  35.39022,  35.31445,  34.96109,  33.45730
  51.30000,  35.36849,  35.40090,  35.32490,  34.97068,  33.46639
  51.40000,  35.37908,  35.41163,  35.33539,  34.98030,  33.47547
  51.50000,  35.38972,  35.42240,  35.34592,  34.98996,  33.48456
  51.60000,  35.40040,  35.43321,  35.35650,  34.99965,  33.49366
  51.70000,  35.41112,  35.44405,  35.36711,  35.00939,  33.50275
  51.80000,  35.42189,  35.45494,  35.37777,  35.01915,  33.51185
  51.90000,  35.43269,  35.46587,  35.38846,  35.02895,  33.52096
  52.00000,  35.44353,  35.47683,  35.39920,  35.03879,  33.53007
  52.10000,  35.45441,  35.48783,  35.40997,  35.04867,  33.53918
  52.20000,  35.46533,  35.49887,  35.42078,  35.05858,  33.54830
  52.30000,  35.47629,  35.50994,  35.43162,  35.06853,  33.55742
  52.40000,  35.48729,  35.52105,  35.44251,  35.07851,  33.56654
  52.50000,  35.49832,  35.53219,  35.45343,  35.08853,  33.57568
  52.60000,  35.50938,  35.54336,  35.46439,  35.09858,  33.58481
  52.70000,  35.52049,  35.55457,  35.47538,  35.10867,  33.59396
  52.80000,  35.53162,  35.56581,  35.48640,  35.11880,  33.60311
  52.90000,  35.54279,  35.57708,  35.49746,  35.12896,  33.61226
  53.00000,  35.55400,  35.58839,  35.50855,  35.13915,  33.62142
  53.10000,  35.56523,  35.59972,  35.51967,  35.14938,  33.63059
  53.20000,  35.57649,  35.61107,  35.53083,  35.15965,  33.63976
  53.30000,  35.58779,  35.62246,  35.54201,  35.16994,  33.64894
  53.40000,  35.59911,  35.63387,  35.55323,  35.18028,  33.65813
  53.50000,  35.61047,  35.64531,  35.56447,  35.19064,  33.66732
  53.60000,  35.62185,  35.65677,  35.57574,  35.20104,  33.67652
  53.70000,  35.63325,  35.66826,  35.58704,  35.21148,  33.68573
  53.80000,  35.64469,  35.67977,  35.59836,  35.22194,  33.69495
  53.90000,  35.65614,  35.69130,  35.60971,  35.23244,  33.70417
  54.00000,  35.66762,  35.70285,  35.62108,  35.24297,  33.71340
  54.10000,  35.67912,  35.71442,  35.63248,  35.25353,  33.72264
  54.20000,  35.69065,  35.72600,  35.64390,  35.26412,  33.73189
  54.30000,  35.70219,  35.73761,  35.65534,  35.27474,  33.74114
  54.40000,  35.71375,  35.74923,  35.66680,  35.28540,  33.75040
  54.50000,  35.72534,  35.76087,  35.67828,  35.29608,  33.75967
  54.60000,  35.73694,  35.77252,  35.68977,  35.30679,  33.76895
  54.70000,  35.74855,  35.78418,  35.70129,  35.31753,  33.77824
  54.80000,  35.76018,  35.79585,  35.71282,  35.32829,  33.78754
  54.90000,  35.77183,  35.80754,  35.72437,  35.33909,  33.79685
  55.00000,  35.78348,  35.81923,  35.73593,  35.34991,  33.80616
  55.10000,  35.79515,  35.83094,  35.74750,  35.36076,  33.81549
  55.20000,  35.80683,  35.84265,  35.75909,  35.37163,  33.82482
  55.30000,  35.81852,  35.85436,  35.77069,  35.38253,  33.83416
  55.40000,  35.83022,  35.86608,  35.78229,  35.39345,  33.84352
  55.50000,  35.84192,  35.87781,  35.79391,  35.40439,  33.85288
  55.60000,  35.85363,  35.88954,  35.80553,  35.41536,  33.86225
  55.70000,  35.86535,  35.90126,  35.81716,  35.42635,  33.87163
  55.80000,  35.87706,  35.91299,  35.82880,  35.43736,  33.88102
  55.90000,  35.88879,  35.92472,  35.84044,  35.44839,  33.89042
  56.00000,  35.90051,  35.93644,  35.85208,  35.45944,  33.89983
  56.10000,  35.91223,  35.94817,  35.86373,  35.47051,  33.90925
  56.20000,  35.92395,  35.95988,  35.87537,  35.48160,  33.91868
  56.30000,  35.93567,  35.97160,  35.88702,  35.49270,  33.92812
  56.40000,  35.94739,  35.98330,  35.89867,  35.50383,  33.93757
  56.50000,  35.95910,  35.99500,  35.91031,  35.51496,  33.94703
  56.60000,  35.97081,  36.00669,  35.92195,  35.52612,  33.95650
  56.70000,  35.98251,  36.01836,  35.93358,  35.53728,  33.96599
  56.80000,  35.99420,  36.03003,  35.94521,  35.54847,  33.97548
  56.90000,  36.00588,  36.04168,  35.95684,  35.55966,  33.98498
  57.00000,  36.01756,  36.05332,  35.96845,  35.57086,  33.99449
  57.10000,  36.02922,  36.06495,  35.98006,  35.58208,  34.00401
  57.20000,  36.04087,  36.07656,  35.99165,  35.59331,  34.01354
  57.30000,  36.05250,  36.08815,  36.00324,  35.60454,  34.02308
  57.40000,  36.06412,  36.09972,  36.01481,  35.61578,  34.03264
  57.50000,  36.07573,  36.11128,  36.02637,  35.62704,  34.04220
  57.60000,  36.08732,  36.12281,  36.03791,  35.63829,  34.05177
  57.70000,  36.09889,  36.13433,  36.04944,  35.64956,  34.06135
  57.80000,  36.11044,  36.14582,  36.06096,  35.66082,  34.07095
  57.90000,  36.12197,  36.15729,  36.07245,  35.67209,  34.08055
  58.00000,  36.13348,  36.16873,  36.08393,  35.68337,  34.09016
  58.10000,  36.14497,  36.18015,  36.09539,  35.69464,  34.09979
  58.20000,  36.15643,  36.19154,  36.10682,  35.70592,  34.10942
  58.30000,  36.16787,  36.20291,  36.11824,  35.71720,  34.11906
  58.40000,  36.17929,  36.21424,  36.12963,  35.72848,  34.12871
  58.50000,  36.19068,  36.22555,  36.14100,  35.73975,  34.13838
  58.60000,  36.20204,  36.23683,  36.15235,  35.75102,  34.14805
  58.70000,  36.21337,  36.24808,  36.16367,  35.76229,  34.15773
  58.80000,  36.22468,  36.25929,  36.17496,  35.77356,  34.16742
  58.90000,  36.23595,  36.27047,  36.18623,  35.78482,  34.17712
  59.00000,  36.24720,  36.28162,  36.19746,  35.79607,  34.18683
  59.10000,  36.25841,  36.29274,  36.20867,  35.80732,  34.19655
  59.20000,  36.26959,  36.30382,  36.21985,  35.81855,  34.20628
  59.30000,  36.28074,  36.31486,  36.23100,  35.82978,  34.21602
  59.40000,  36.29185,  36.32587,  36.24212,  35.84100,  34.22576
  59.50000,  36.30293,  36.33684,  36.25320,  35.85221,  34.23552
  59.60000,  36.31397,  36.34777,  36.26425,  35.86341,  34.24528
  59.70000,  36.32498,  36.35866,  36.27527,  35.87460,  34.25505
  59.80000,  36.33595,  36.36952,  36.28626,  35.88577,  34.26483
  59.90000,  36.34688,  36.38033,  36.29720,  35.89693,  34.27462
  60.00000,  36.35777,  36.39110,  36.30812,  35.90807,  34.28442
  60.10000,  36.36862,  36.40183,  36.31899,  35.91920,  34.29422
  60.20000,  36.37943,  36.41252,  36.32983,  35.93031,  34.30404
  60.30000,  36.39021,  36.42317,  36.34063,  35.94141,  34.31386
  60.40000,  36.40094,  36.43378,  36.35140,  35.95248,  34.32369
  60.50000,  36.41163,  36.44434,  36.36212,  35.96354,  34.33352
  60.60000,  36.42228,  36.45486,  36.37280,  35.97458,  34.34336
  60.70000,  36.43288,  36.46533,  36.38345,  35.98560,  34.35321
  60.80000,  36.44344,  36.47576,  36.39405,  35.99660,  34.36307
  60.90000,  36.45396,  36.48615,  36.40461,  36.00757,  34.37293
  61.00000,  36.46444,  36.49649,  36.41514,  36.01852,  34.38280
  61.10000,  36.47487,  36.50678,  36.42561,  36.02945,  34.39268
  61.20000,  36.48525,  36.51703,  36.43605,  36.04036,  34.40256
  61.30000,  36.49560,  36.52723,  36.44645,  36.05124,  34.41245
  61.40000,  36.50589,  36.53739,  36.45680,  36.06210,  34.42234
  61.50000,  36.51614,  36.54750,  36.46710,  36.07293,  34.43224
  61.60000,  36.52635,  36.55756,  36.47737,  36.08373,  34.44215
  61.70000,  36.53650,  36.56758,  36.48759,  36.09451,  34.45206
  61.80000,  36.54661,  36.57755,  36.49776,  36.10525,  34.46197
  61.90000,  36.55668,  36.58747,  36.50790,  36.11597,  34.47189
  62.00000,  36.56670,  36.59735,  36.51798,  36.12667,  34.48181
  62.10000,  36.57667,  36.60718,  36.52803,  36.13733,  34.49174
  62.20000,  36.58660,  36.61696,  36.53802,  36.14796,  34.50168
  62.30000,  36.59647,  36.62669,  36.54798,  36.15856,  34.51161
  62.40000,  36.60631,  36.63638,  36.55788,  36.16913,  34.52155
  62.50000,  36.61609,  36.64602,  36.56775,  36.17967,  34.53150
  62.60000,  36.62583,  36.65562,  36.57757,  36.19018,  34.54144
  62.70000,  36.63552,  36.66517,  36.58734,  36.20065,  34.55139
  62.80000,  36.64516,  36.67467,  36.59707,  36.21110,  34.56135
  62.90000,  36.65476,  36.68412,  36.60675,  36.22150,  34.57130
  63.00000,  36.66431,  36.69353,  36.61639,  36.23188,  34.58126
  63.10000,  36.67382,  36.70290,  36.62598,  36.24222,  34.59122
  63.20000,  36.68328,  36.71222,  36.63553,  36.25253,  34.60118
  63.30000,  36.69269,  36.72149,  36.64503,  36.26281,  34.61115
  63.40000,  36.70206,  36.73072,  36.65450,  36.27304,  34.62111
  63.50000,  36.71138,  36.73990,  36.66391,  36.28325,  34.63108
  63.60000,  36.72066,  36.74904,  36.67328,  36.29342,  34.64105
  63.70000,  36.72989,  36.75814,  36.68261,  36.30355,  34.65102
  63.80000,  36.73908,  36.76720,  36.69190,  36.31365,  34.66099
  63.90000,  36.74823,  36.77621,  36.70114,  36.32371,  34.67096
  64.00000,  36.75733,  36.78518,  36.71035,  36.33374,  34.68093
  64.10000,  36.76639,  36.79411,  36.71951,  36.34373,  34.69090
  64.20000,  36.77541,  36.80300,  36.72862,  36.35368,  34.70087
  64.30000,  36.78438,  36.81184,  36.73770,  36.36360,  34.71084
  64.40000,  36.79332,  36.82065,  36.74674,  36.37348,  34.72080
  64.50000,  36.80221,  36.82942,  36.75573,  36.38333,  34.73077
  64.60000,  36.81106,  36.83815,  36.76469,  36.39313,  34.74074
  64.70000,  36.81988,  36.84685,  36.77361,  36.40291,  34.75070
  64.80000,  36.82865,  36.85550,  36.78249,  36.41264,  34.76067
  64.90000,  36.83739,  36.86412,  36.79133,  36.42234,  34.77063
  65.00000,  36.84608,  36.87271,  36.80013,  36.43201,  34.78059
  65.10000,  36.85475,  36.88126,  36.80890,  36.44163,  34.79054
  65.20000,  36.86337,  36.88977,  36.81763,  36.45123,  34.80050
  65.30000,  36.87196,  36.89826,  36.82633,  36.46078,  34.81045
  65.40000,  36.88052,  36.90671,  36.83499,  36.47030,  34.82040
  65.50000,  36.88904,  36.91513,  36.84362,  36.47979,  34.83035
  65.60000,  36.89753,  36.92352,  36.85222,  36.48924,  34.84029
  65.70000,  36.90599,  36.93188,  36.86078,  36.49865,  34.85023
  65.80000,  36.91441,  36.94021,  36.86931,  36.50803,  34.86017
  65.90000,  36.92281,  36.94851,  36.87781,  36.51738,  34.87010
  66.00000,  36.93117,  36.95679,  36.88628,  36.52669,  34.88003
  66.10000,  36.93951,  36.96504,  36.89473,  36.53596,  34.88995
  66.20000,  36.94782,  36.97327,  36.90314,  36.54521,  34.89987
  66.30000,  36.95611,  36.98147,  36.91153,  36.55442,  34.90979
  66.40000,  36.96436,  36.98965,  36.91989,  36.56359,  34.91970
  66.50000,  36.97260,  36.99781,  36.92822,  36.57274,  34.92960
  66.60000,  36.98080,  37.00595,  36.93653,  36.58185,  34.93950
  66.70000,  36.98899,  37.01407,  36.94482,  36.59093,  34.94940
  66.80000,  36.99716,  37.02217,  36.95309,  36.59998,  34.95929
  66.90000,  37.00530,  37.03025,  36.96133,  36.60900,  34.96917
  67.00000,  37.01342,  37.03832,  36.96955,  36.61799,  34.97905
  67.10000,  37.02153,  37.04637,  36.97776,  36.62695,  34.98892
  67.20000,  37.02962,  37.05440,  36.98594,  36.63589,  34.99879
  67.30000,  37.03769,  37.06243,  36.99411,  36.64479,  35.00865
  67.40000,  37.04575,  37.07044,  37.00226,  36.65366,  35.01851
  67.50000,  37.05379,  37.07844,  37.01039,  36.66251,  35.02835
  67.60000,  37.06182,  37.08643,  37.01851,  36.67133,  35.03819
  67.70000,  37.06984,  37.09442,  37.02662,  36.68012,  35.04803
  67.80000,  37.07785,  37.10239,  37.03472,  36.68889,  35.05786
  67.90000,  37.08584,  37.11036,  37.04280,  36.69764,  35.06768
  68.00000,  37.09383,  37.11833,  37.05087,  36.70636,  35.07749
  68.10000,  37.10181,  37.12629,  37.05894,  36.71505,  35.08730
  68.20000,  37.10979,  37.13425,  37.06700,  36.72373,  35.09710
  68.30000,  37.11776,  37.14220,  37.07505,  36.73238,  35.10689
  68.40000,  37.12573,  37.15016,  37.08309,  36.74101,  35.11668
  68.50000,  37.13369,  37.15812,  37.09113,  36.74962,  35.12645
  68.60000,  37.14165,  37.16608,  37.09917,  36.75821,  35.13622
  68.70000,  37.14962,  37.17404,  37.10720,  36.76678,  35.14599
  68.80000,  37.15758,  37.18201,  37.11524,  36.77533,  35.15574
  68.90000,  37.16554,  37.18998,  37.12327,  36.78387,  35.16549
  69.00000,  37.17351,  37.19796,  37.13131,  36.79238,  35.17523
  69.10000,  37.18148,  37.20595,  37.13934,  36.80089,  35.18496
  69.20000,  37.18946,  37.21395,  37.14738,  36.80937,  35.19468
  69.30000,  37.19745,  37.22195,  37.15543,  36.81785,  35.20440
  69.40000,  37.20544,  37.22997,  37.16348,  36.82631,  35.21410
  69.50000,  37.21344,  37.23800,  37.17153,  36.83475,  35.22380
  69.60000,  37.22145,  37.24604,  37.17960,  36.84319,  35.23349
  69.70000,  37.22947,  37.25410,  37.18767,  36.85161,  35.24318
  69.80000,  37.23751,  37.26218,  37.19575,  36.86003,  35.25285
  69.90000,  37.24556,  37.27027,  37.20385,  36.86843,  35.26252
  70.00000,  37.25362,  37.27838,  37.21195,  36.87683,  35.27218
  70.10000,  37.26170,  37.28651,  37.22007,  36.88522,  35.28183
  70.20000,  37.26979,  37.29465,  37.22821,  36.89360,  35.29147
  70.30000,  37.27791,  37.30282,  37.23636,  36.90198,  35.30111
  70.40000,  37.28604,  37.31101,  37.24452,  36.91035,  35.31073
  70.50000,  37.29419,  37.31923,  37.25271,  36.91872,  35.32035
  70.60000,  37.30236,  37.32747,  37.26091,  36.92709,  35.32996
  70.70000,  37.31056,  37.33573,  37.26913,  36.93545,  35.33957
  70.80000,  37.31878,  37.34402,  37.27737,  36.94382,  35.34916
  70.90000,  37.32702,  37.35234,  37.28563,  36.95218,  35.35875
  71.00000,  37.33529,  37.36068,  37.29392,  36.96054,  35.36833
  71.10000,  37.34358,  37.36906,  37.30222,  36.96891,  35.37790
  71.20000,  37.35190,  37.37746,  37.31056,  36.97728,  35.38746
  71.30000,  37.36025,  37.38590,  37.31891,  36.98565,  35.39702
  71.40000,  37.36862,  37.39436,  37.32730,  36.99403,  35.40657
  71.50000,  37.37703,  37.40286,  37.33571,  37.00241,  35.41611
  71.60000,  37.38547,  37.41140,  37.34415,  37.01080,  35.42564
  71.70000,  37.39394,  37.41996,  37.35262,  37.01919,  35.43517
  71.80000,  37.40244,  37.42856,  37.36111,  37.02759,  35.44469
  71.90000,  37.41097,  37.43720,  37.36964,  37.03600,  35.45420
  72.00000,  37.41954,  37.44587,  37.37820,  37.04443,  35.46370
  72.10000,  37.42814,  37.45459,  37.38679,  37.05286,  35.47320
  72.20000,  37.43678,  37.46333,  37.39542,  37.06130,  35.48269
  72.30000,  37.44546,  37.47212,  37.40408,  37.06976,  35.49218
  72.40000,  37.45417,  37.48095,  37.41277,  37.07823,  35.50165
  72.50000,  37.46292,  37.48981,  37.42149,  37.08671,  35.51112
  72.60000,  37.47170,  37.49872,  37.43026,  37.09521,  35.52059
  72.70000,  37.48053,  37.50767,  37.43906,  37.10372,  35.53005
  72.80000,  37.48940,  37.51665,  37.44789,  37.11225,  35.53950
  72.90000,  37.49830,  37.52568,  37.45677,  37.12079,  35.54895
  73.00000,  37.50725,  37.53476,  37.46568,  37.12936,  35.55839
  73.10000,  37.51624,  37.54387,  37.47463,  37.13794,  35.56782
  73.20000,  37.52527,  37.55303,  37.48362,  37.14655,  35.57725
  73.30000,  37.53434,  37.56224,  37.49265,  37.15517,  35.58668
  73.40000,  37.54346,  37.57148,  37.50172,  37.16381,  35.59610
  73.50000,  37.55262,  37.58078,  37.51083,  37.17248,  35.60551
  73.60000,  37.56182,  37.59011,  37.51998,  37.18117,  35.61492
  73.70000,  37.57107,  37.59949,  37.52918,  37.18988,  35.62433
  73.80000,  37.58036,  37.60892,  37.53841,  37.19862,  35.63373
  73.90000,  37.58969,  37.61840,  37.54769,  37.20738,  35.64312
  74.00000,  37.59907,  37.62791,  37.55701,  37.21616,  35.65251
  74.10000,  37.60850,  37.63748,  37.56638,  37.22497,  35.66190
  74.20000,  37.61797,  37.64709,  37.57579,  37.23381,  35.67129
  74.30000,  37.62749,  37.65675,  37.58524,  37.24268,  35.68067
  74.40000,  37.63705,  37.66645,  37.59473,  37.25157,  35.69004
  74.50000,  37.64666,  37.67620,  37.60427,  37.26049,  35.69942
  74.60000,  37.65632,  37.68600,  37.61385,  37.26944,  35.70879
  74.70000,  37.66602,  37.69585,  37.62348,  37.27842,  35.71816
  74.80000,  37.67577,  37.70574,  37.63315,  37.28743,  35.72752
  74.90000,  37.68556,  37.71567,  37.64287,  37.29647,  35.73689
  75.00000,  37.69540,  37.72566,  37.65263,  37.30554,  35.74625
  75.10000,  37.70529,  37.73569,  37.66244,  37.31464,  35.75561
  75.20000,  37.71523,  37.74576,  37.67229,  37.32377,  35.76496
  75.30000,  37.72521,  37.75589,  37.68218,  37.33294,  35.77432
  75.40000,  37.73523,  37.76606,  37.69212,  37.34214,  35.78367
  75.50000,  37.74531,  37.77627,  37.70211,  37.35137,  35.79303
  75.60000,  37.75543,  37.78653,  37.71214,  37.36063,  35.80238
  75.70000,  37.76559,  37.79683,  37.72221,  37.36993,  35.81173
  75.80000,  37.77580,  37.80718,  37.73233,  37.37926,  35.82108
  75.90000,  37.78606,  37.81758,  37.74249,  37.38863,  35.83043
  76.00000,  37.79636,  37.82802,  37.75269,  37.39803,  35.83978
  76.10000,  37.80670,  37.83850,  37.76294,  37.40747,  35.84913
  76.20000,  37.81709,  37.84902,  37.77323,  37.41694,  35.85849
  76.30000,  37.82753,  37.85959,  37.78357,  37.42644,  35.86784
  76.40000,  37.83800,  37.87020,  37.79395,  37.43599,  35.87719
  76.50000,  37.84852,  37.88085,  37.80437,  37.44556,  35.88654
  76.60000,  37.85909,  37.89155,  37.81483,  37.45518,  35.89590
  76.70000,  37.86969,  37.90228,  37.82533,  37.46482,  35.90525
  76.80000,  37.88034,  37.91306,  37.83587,  37.47451,  35.91461
  76.90000,  37.89103,  37.92387,  37.84646,  37.48423,  35.92397
  77.00000,  37.90176,  37.93473,  37.85708,  37.49399,  35.93333
  77.10000,  37.91253,  37.94562,  37.86775,  37.50378,  35.94270
  77.20000,  37.92334,  37.95655,  37.87845,  37.51361,  35.95206
  77.30000,  37.93419,  37.96752,  37.88919,  37.52347,  35.96143
  77.40000,  37.94508,  37.97852,  37.89997,  37.53337,  35.97080
  77.50000,  37.95600,  37.98956,  37.91079,  37.54331,  35.98018
  77.60000,  37.96696,  38.00063,  37.92164,  37.55328,  35.98955
  77.70000,  37.97796,  38.01174,  37.93253,  37.56329,  35.99894
  77.80000,  37.98899,  38.02288,  37.94345,  37.57334,  36.00832
  77.90000,  38.00006,  38.03405,  37.95441,  37.58342,  36.01771
  78.00000,  38.01116,  38.04526,  37.96541,  37.59353,  36.02710
  78.10000,  38.02230,  38.05649,  37.97643,  37.60368,  36.03650
  78.20000,  38.03347,  38.06776,  37.98749,  37.61387,  36.04590
  78.30000,  38.04466,  38.07905,  37.99858,  37.62409,  36.05531
  78.40000,  38.05589,  38.09038,  38.00970,  37.63435,  36.06472
  78.50000,  38.06715,  38.10173,  38.02085,  37.64464,  36.07414
  78.60000,  38.07844,  38.11310,  38.03204,  37.65496,  36.08356
  78.70000,  38.08976,  38.12450,  38.04324,  37.66532,  36.09299
  78.80000,  38.10110,  38.13593,  38.05448,  37.67571,  36.10242
  78.90000,  38.11247,  38.14737,  38.06574,  37.68613,  36.11186
  79.00000,  38.12386,  38.15884,  38.07703,  37.69658,  36.12130
  79.10000,  38.13528,  38.17033,  38.08835,  37.70707,  36.13075
  79.20000,  38.14672,  38.18184,  38.09968,  37.71759,  36.14021
  79.30000,  38.15819,  38.19337,  38.11104,  37.72814,  36.14967
  79.40000,  38.16967,  38.20492,  38.12243,  37.73872,  36.15914
  79.50000,  38.18118,  38.21648,  38.13383,  37.74933,  36.16861
  79.60000,  38.19270,  38.22806,  38.14525,  37.75997,  36.17810
  79.70000,  38.20424,  38.23966,  38.15670,  37.77064,  36.18759
  79.80000,  38.21580,  38.25127,  38.16816,  37.78134,  36.19708
  79.90000,  38.22737,  38.26289,  38.17963,  37.79207,  36.20659
  80.00000,  38.23896,  38.27452,  38.19112,  37.80282,  36.21610
  80.10000,  38.25056,  38.28616,  38.20263,  37.81361,  36.22562
  80.20000,  38.26218,  38.29781,  38.21415,  37.82441,  36.23514
  80.30000,  38.27380,  38.30947,  38.22569,  37.83525,  36.24468
  80.40000,  38.28544,  38.32113,  38.23723,  37.84611,  36.25422
  80.50000,  38.29708,  38.33280,  38.24879,  37.85699,  36.26377
  80.60000,  38.30873,  38.34447,  38.26035,  37.86790,  36.27332
  80.70000,  38.32039,  38.35615,  38.27193,  37.87883,  36.28289
  80.80000,  38.33206,  38.36783,  38.28351,  37.88978,  36.29246
  80.90000,  38.34372,  38.37951,  38.29510,  37.90075,  36.30204
  81.00000,  38.35540,  38.39119,  38.30669,  37.91175,  36.31163
  81.10000,  38.36707,  38.40287,  38.31828,  37.92276,  36.32123
  81.20000,  38.37874,  38.41454,  38.32988,  37.93380,  36.33084
  81.30000,  38.39042,  38.42621,  38.34148,  37.94485,  36.34045
  81.40000,  38.40209,  38.43788,  38.35308,  37.95592,  36.35008
  81.50000,  38.41376,  38.44954,  38.36468,  37.96701,  36.35971
  81.60000,  38.42543,  38.46119,  38.37628,  37.97811,  36.36935
  81.70000,  38.43709,  38.47284,  38.38788,  37.98923,  36.37900
  81.80000,  38.44874,  38.48447,  38.39947,  38.00036,  36.38866
  81.90000,  38.46039,  38.49610,  38.41105,  38.01151,  36.39833
  82.00000,  38.47203,  38.50771,  38.42263,  38.02267,  36.40801
  82.10000,  38.48366,  38.51931,  38.43421,  38.03385,  36.41769
  82.20000,  38.49528,  38.53089,  38.44577,  38.04503,  36.42739
  82.30000,  38.50688,  38.54246,  38.45733,  38.05622,  36.43709
  82.40000,  38.51848,  38.55401,  38.46887,  38.06743,  36.44680
  82.50000,  38.53006,  38.56555,  38.48040,  38.07864,  36.45652
  82.60000,  38.54162,  38.57706,  38.49192,  38.08986,  36.46625
  82.70000,  38.55317,  38.58856,  38.50343,  38.10109,  36.47599
  82.80000,  38.56470,  38.60004,  38.51492,  38.11232,  36.48574
  82.90000,  38.57622,  38.61149,  38.52640,  38.12356,  36.49550
  83.00000,  38.58771,  38.62292,  38.53786,  38.13480,  36.50526
  83.10000,  38.59918,  38.63433,  38.54930,  38.14605,  36.51504
  83.20000,  38.61063,  38.64571,  38.56072,  38.15730,  36.52482
  83.30000,  38.62206,  38.65707,  38.57212,  38.16854,  36.53461
  83.40000,  38.63347,  38.66840,  38.58350,  38.17979,  36.54441
  83.50000,  38.64485,  38.67971,  38.59486,  38.19104,  36.55422
  83.60000,  38.65620,  38.69098,  38.60619,  38.20229,  36.56404
  83.70000,  38.66753,  38.70222,  38.61750,  38.21354,  36.57386
  83.80000,  38.67883,  38.71344,  38.62879,  38.22478,  36.58370
  83.90000,  38.69010,  38.72462,  38.64005,  38.23602,  36.59354
  84.00000,  38.70134,  38.73577,  38.65129,  38.24726,  36.60339
  84.10000,  38.71255,  38.74689,  38.66249,  38.25848,  36.61325
  84.20000,  38.72373,  38.75797,  38.67367,  38.26971,  36.62312
  84.30000,  38.73488,  38.76902,  38.68482,  38.28092,  36.63299
  84.40000,  38.74600,  38.78004,  38.69594,  38.29213,  36.64288
  84.50000,  38.75708,  38.79102,  38.70703,  38.30332,  36.65277
  84.60000,  38.76813,  38.80196,  38.71808,  38.31451,  36.66267
  84.70000,  38.77914,  38.81286,  38.72910,  38.32569,  36.67257
  84.80000,  38.79012,  38.82373,  38.74009,  38.33685,  36.68249
  84.90000,  38.80106,  38.83455,  38.75105,  38.34800,  36.69241
  85.00000,  38.81196,  38.84534,  38.76197,  38.35914,  36.70234
  85.10000,  38.82282,  38.85608,  38.77286,  38.37026,  36.71227
  85.20000,  38.83365,  38.86679,  38.78370,  38.38137,  36.72221
  85.30000,  38.84443,  38.87745,  38.79452,  38.39246,  36.73216
  85.40000,  38.85518,  38.88808,  38.80529,  38.40353,  36.74212
  85.50000,  38.86588,  38.89866,  38.81603,  38.41459,  36.75208
  85.60000,  38.87655,  38.90919,  38.82673,  38.42563,  36.76205
  85.70000,  38.88717,  38.91969,  38.83739,  38.43665,  36.77202
  85.80000,  38.89775,  38.93014,  38.84801,  38.44765,  36.78200
  85.90000,  38.90829,  38.94054,  38.85858,  38.45863,  36.79199
  86.00000,  38.91878,  38.95090,  38.86912,  38.46958,  36.80198
  86.10000,  38.92923,  38.96122,  38.87962,  38.48052,  36.81198
  86.20000,  38.93964,  38.97149,  38.89008,  38.49143,  36.82198
  86.30000,  38.95000,  38.98171,  38.90049,  38.50232,  36.83199
  86.40000,  38.96032,  38.99189,  38.91086,  38.51318,  36.84201
  86.50000,  38.97059,  39.00203,  38.92119,  38.52402,  36.85202
  86.60000,  38.98082,  39.01212,  38.93147,  38.53483,  36.86205
  86.70000,  38.99100,  39.02216,  38.94171,  38.54562,  36.87207
  86.80000,  39.00113,  39.03215,  38.95191,  38.55638,  36.88211
  86.90000,  39.01122,  39.04210,  38.96207,  38.56711,  36.89214
  87.00000,  39.02126,  39.05200,  38.97218,  38.57782,  36.90218
  87.10000,  39.03126,  39.06185,  38.98224,  38.58850,  36.91222
  87.20000,  39.04121,  39.07166,  38.99226,  38.59914,  36.92227
  87.30000,  39.05111,  39.08142,  39.00224,  38.60976,  36.93232
  87.40000,  39.06097,  39.09113,  39.01217,  38.62035,  36.94237
  87.50000,  39.07078,  39.10080,  39.02206,  38.63090,  36.95243
  87.60000,  39.08054,  39.11042,  39.03190,  38.64143,  36.96249
  87.70000,  39.09026,  39.12000,  39.04170,  38.65192,  36.97255
  87.80000,  39.09993,  39.12952,  39.05145,  38.66238,  36.98261
  87.90000,  39.10955,  39.13900,  39.06116,  38.67281,  36.99268
  88.00000,  39.11913,  39.14844,  39.07082,  38.68321,  37.00274
  88.10000,  39.12866,  39.15783,  39.08044,  38.69357,  37.01281
  88.20000,  39.13814,  39.16717,  39.09001,  38.70390,  37.02288
  88.30000,  39.14758,  39.17647,  39.09954,  38.71420,  37.03295
  88.40000,  39.15698,  39.18572,  39.10903,  38.72446,  37.04302
  88.50000,  39.16632,  39.19493,  39.11847,  38.73468,  37.05310
  88.60000,  39.17563,  39.20410,  39.12787,  38.74487,  37.06317
  88.70000,  39.18488,  39.21322,  39.13722,  38.75503,  37.07324
  88.80000,  39.19410,  39.22229,  39.14653,  38.76515,  37.08332
  88.90000,  39.20326,  39.23133,  39.15580,  38.77524,  37.09339
  89.00000,  39.21239,  39.24032,  39.16502,  38.78529,  37.10346
  89.10000,  39.22147,  39.24927,  39.17420,  38.79530,  37.11354
  89.20000,  39.23051,  39.25818,  39.18334,  38.80528,  37.12361
  89.30000,  39.23951,  39.26705,  39.19244,  38.81522,  37.13368
  89.40000,  39.24846,  39.27587,  39.20150,  38.82513,  37.14375
  89.50000,  39.25737,  39.28466,  39.21052,  38.83500,  37.15381
  89.60000,  39.26625,  39.29341,  39.21949,  38.84483,  37.16388
  89.70000,  39.27508,  39.30212,  39.22843,  38.85463,  37.17394
  89.80000,  39.28387,  39.31079,  39.23733,  38.86439,  37.18401
  89.90000,  39.29262,  39.31943,  39.24619,  38.87412,  37.19407
  90.00000,  39.30134,  39.32803,  39.25501,  38.88381,  37.20412
  90.10000,  39.31002,  39.33659,  39.26379,  38.89346,  37.21418
  90.20000,  39.31866,  39.34512,  39.27254,  38.90308,  37.22423
  90.30000,  39.32726,  39.35361,  39.28125,  38.91266,  37.23428
  90.40000,  39.33583,  39.36207,  39.28993,  38.92220,  37.24432
  90.50000,  39.34437,  39.37050,  39.29857,  38.93171,  37.25436
  90.60000,  39.35287,  39.37890,  39.30718,  38.94118,  37.26440
  90.70000,  39.36133,  39.38727,  39.31575,  38.95062,  37.27444
  90.80000,  39.36977,  39.39560,  39.32429,  38.96003,  37.28447
  90.90000,  39.37817,  39.40391,  39.33280,  38.96939,  37.29449
  91.00000,  39.38654,  39.41219,  39.34128,  38.97873,  37.30451
  91.10000,  39.39489,  39.42045,  39.34973,  38.98803,  37.31453
  91.20000,  39.40320,  39.42868,  39.35815,  38.99729,  37.32454
  91.30000,  39.41149,  39.43688,  39.36655,  39.00652,  37.33454
  91.40000,  39.41975,  39.44506,  39.37491,  39.01572,  37.34455
  91.50000,  39.42798,  39.45321,  39.38325,  39.02489,  37.35454
  91.60000,  39.43619,  39.46135,  39.39156,  39.03402,  37.36453
  91.70000,  39.44438,  39.46946,  39.39985,  39.04312,  37.37452
  91.80000,  39.45254,  39.47756,  39.40812,  39.05219,  37.38449
  91.90000,  39.46068,  39.48563,  39.41636,  39.06123,  37.39447
  92.00000,  39.46880,  39.49369,  39.42458,  39.07024,  37.40443
  92.10000,  39.47690,  39.50173,  39.43278,  39.07922,  37.41439
  92.20000,  39.48498,  39.50975,  39.44096,  39.08816,  37.42435
  92.30000,  39.49304,  39.51777,  39.44912,  39.09708,  37.43429
  92.40000,  39.50109,  39.52576,  39.45726,  39.10597,  37.44423
  92.50000,  39.50912,  39.53375,  39.46539,  39.11483,  37.45416
  92.60000,  39.51714,  39.54172,  39.47350,  39.12367,  37.46409
  92.70000,  39.52514,  39.54969,  39.48159,  39.13247,  37.47401
  92.80000,  39.53313,  39.55764,  39.48967,  39.14126,  37.48392
  92.90000,  39.54111,  39.56559,  39.49774,  39.15001,  37.49382
  93.00000,  39.54908,  39.57353,  39.50580,  39.15874,  37.50372
  93.10000,  39.55705,  39.58147,  39.51385,  39.16745,  37.51361
  93.20000,  39.56500,  39.58940,  39.52189,  39.17613,  37.52349
  93.30000,  39.57295,  39.59733,  39.52992,  39.18479,  37.53336
  93.40000,  39.58089,  39.60526,  39.53794,  39.19343,  37.54323
  93.50000,  39.58883,  39.61319,  39.54596,  39.20204,  37.55309
  93.60000,  39.59676,  39.62112,  39.55398,  39.21064,  37.56294
  93.70000,  39.60470,  39.62905,  39.56198,  39.21921,  37.57278
  93.80000,  39.61263,  39.63698,  39.56999,  39.22777,  37.58261
  93.90000,  39.62056,  39.64491,  39.57800,  39.23630,  37.59244
  94.00000,  39.62850,  39.65286,  39.58600,  39.24482,  37.60225
  94.10000,  39.63644,  39.66080,  39.59401,  39.25332,  37.61206
  94.20000,  39.64438,  39.66876,  39.60201,  39.26181,  37.62186
  94.30000,  39.65232,  39.67673,  39.61003,  39.27028,  37.63165
  94.40000,  39.66028,  39.68470,  39.61804,  39.27874,  37.64143
  94.50000,  39.66824,  39.69269,  39.62606,  39.28718,  37.65121
  94.60000,  39.67621,  39.70068,  39.63409,  39.29561,  37.66097
  94.70000,  39.68419,  39.70869,  39.64212,  39.30403,  37.67073
  94.80000,  39.69218,  39.71672,  39.65016,  39.31243,  37.68048
  94.90000,  39.70018,  39.72476,  39.65822,  39.32083,  37.69022
  95.00000,  39.70819,  39.73282,  39.66628,  39.32922,  37.69995
  95.10000,  39.71622,  39.74089,  39.67435,  39.33760,  37.70967
  95.20000,  39.72427,  39.74899,  39.68244,  39.34597,  37.71938
  95.30000,  39.73233,  39.75710,  39.69054,  39.35433,  37.72909
  95.40000,  39.74041,  39.76524,  39.69866,  39.36269,  37.73878
  95.50000,  39.74851,  39.77339,  39.70679,  39.37104,  37.74847
  95.60000,  39.75663,  39.78157,  39.71494,  39.37939,  37.75815
  95.70000,  39.76476,  39.78977,  39.72311,  39.38774,  37.76782
  95.80000,  39.77292,  39.79800,  39.73130,  39.39608,  37.77748
  95.90000,  39.78111,  39.80626,  39.73951,  39.40443,  37.78713
  96.00000,  39.78931,  39.81454,  39.74773,  39.41277,  37.79678
  96.10000,  39.79754,  39.82285,  39.75599,  39.42111,  37.80642
  96.20000,  39.80580,  39.83118,  39.76426,  39.42946,  37.81604
  96.30000,  39.81409,  39.83955,  39.77256,  39.43780,  37.82566
  96.40000,  39.82240,  39.84795,  39.78088,  39.44615,  37.83528
  96.50000,  39.83074,  39.85638,  39.78923,  39.45451,  37.84488
  96.60000,  39.83911,  39.86484,  39.79761,  39.46287,  37.85447
  96.70000,  39.84751,  39.87334,  39.80601,  39.47123,  37.86406
  96.80000,  39.85594,  39.88186,  39.81444,  39.47960,  37.87364
  96.90000,  39.86440,  39.89043,  39.82290,  39.48798,  37.88321
  97.00000,  39.87290,  39.89903,  39.83140,  39.49637,  37.89278
  97.10000,  39.88143,  39.90766,  39.83992,  39.50477,  37.90234
  97.20000,  39.88999,  39.91633,  39.84847,  39.51318,  37.91188
  97.30000,  39.89859,  39.92504,  39.85706,  39.52160,  37.92143
  97.40000,  39.90723,  39.93379,  39.86568,  39.53003,  37.93096
  97.50000,  39.91590,  39.94258,  39.87434,  39.53847,  37.94049
  97.60000,  39.92461,  39.95140,  39.88303,  39.54693,  37.95001
  97.70000,  39.93336,  39.96027,  39.89175,  39.55540,  37.95952
  97.80000,  39.94215,  39.96918,  39.90051,  39.56389,  37.96903
  97.90000,  39.95098,  39.97813,  39.90931,  39.57239,  37.97853
  98.00000,  39.95984,  39.98712,  39.91815,  39.58091,  37.98802
  98.10000,  39.96875,  39.99615,  39.92702,  39.58945,  37.99751
  98.20000,  39.97770,  40.00523,  39.93594,  39.59801,  38.00699
  98.30000,  39.98669,  40.01435,  39.94489,  39.60659,  38.01647
  98.40000,  39.99573,  40.02351,  39.95388,  39.61518,  38.02594
  98.50000,  40.00480,  40.03272,  39.96291,  39.62380,  38.03540
  98.60000,  40.01392,  40.04197,  39.97198,  39.63244,  38.04486
  98.70000,  40.02308,  40.05127,  39.98110,  39.64110,  38.05431
  98.80000,  40.03229,  40.06061,  39.99025,  39.64979,  38.06376
  98.90000,  40.04154,  40.07000,  39.99945,  39.65849,  38.07321
  99.00000,  40.05084,  40.07943,  40.00869,  39.66723,  38.08264
  99.10000,  40.06018,  40.08891,  40.01797,  39.67598,  38.09208
  99.20000,  40.06956,  40.09843,  40.02730,  39.68477,  38.10151
  99.30000,  40.07899,  40.10800,  40.03667,  39.69358,  38.11093
  99.40000,  40.08847,  40.11762,  40.04608,  39.70241,  38.12035
  99.50000,  40.09799,  40.12729,  40.05554,  39.71128,  38.12977
  99.60000,  40.10756,  40.13700,  40.06504,  39.72017,  38.13918
  99.70000,  40.11718,  40.14675,  40.07458,  39.72909,  38.14859
  99.80000,  40.12684,  40.15656,  40.08417,  39.73804,  38.15800
  99.90000,  40.13655,  40.16641,  40.09380,  39.74702,  38.16740
 100.00000,  40.14630,  40.17631,  40.10348,  39.75603,  38.17680
